#node1	node2	node1_string_id	node2_string_id	neighborhood_on_chromosome	gene_fusion	phylogenetic_cooccurrence	homology	coexpression	experimentally_determined_interaction	database_annotated	automated_textmining	combined_score
ACSL6	NTRK3	9606.ENSP00000498260	9606.ENSP00000354207	0	0	0	0	0.122	0.050	0	0.418	0.472
AR	PIK3CA	9606.ENSP00000363822	9606.ENSP00000263967	0	0	0	0	0	0	0	0.571	0.571
AR	ATM	9606.ENSP00000363822	9606.ENSP00000278616	0	0	0	0	0.055	0	0	0.533	0.539
AR	KIT	9606.ENSP00000363822	9606.ENSP00000288135	0	0	0	0	0.044	0.045	0	0.459	0.463
AR	ARID1A	9606.ENSP00000363822	9606.ENSP00000320485	0	0	0	0	0.044	0.241	0	0.524	0.624
AR	MTOR	9606.ENSP00000363822	9606.ENSP00000354558	0	0	0	0	0	0	0	0.548	0.548
AR	GATA3	9606.ENSP00000363822	9606.ENSP00000368632	0	0	0	0	0.075	0.057	0	0.424	0.454
AR	CDKN2A	9606.ENSP00000363822	9606.ENSP00000418915	0	0	0	0	0	0.292	0	0.482	0.617
ARID1A	PAX8	9606.ENSP00000320485	9606.ENSP00000263334	0	0	0	0	0	0	0	0.418	0.418
ARID1A	PIK3CA	9606.ENSP00000320485	9606.ENSP00000263967	0	0	0	0	0.067	0	0	0.911	0.913
ARID1A	ATM	9606.ENSP00000320485	9606.ENSP00000278616	0	0	0	0	0.085	0	0	0.645	0.661
ARID1A	KIT	9606.ENSP00000320485	9606.ENSP00000288135	0	0	0	0	0	0	0	0.418	0.418
ARID1A	CSMD3	9606.ENSP00000320485	9606.ENSP00000297405	0	0	0	0	0	0	0	0.572	0.572
ARID1A	FAT3	9606.ENSP00000320485	9606.ENSP00000432586	0	0	0	0	0	0	0	0.413	0.413
ARID1A	GATA3	9606.ENSP00000320485	9606.ENSP00000368632	0	0	0	0	0.042	0.068	0	0.431	0.448
ARID1A	TGFBR2	9606.ENSP00000320485	9606.ENSP00000351905	0	0	0	0	0.049	0.056	0	0.462	0.475
ARID1A	FAT1	9606.ENSP00000320485	9606.ENSP00000406229	0	0	0	0	0.042	0	0	0.542	0.542
ARID1A	LRP1B	9606.ENSP00000320485	9606.ENSP00000374135	0	0	0	0	0	0	0	0.584	0.584
ARID1A	FGFR2	9606.ENSP00000320485	9606.ENSP00000410294	0	0	0	0	0	0	0	0.592	0.592
ARID1A	NRAS	9606.ENSP00000320485	9606.ENSP00000358548	0	0	0	0	0.049	0.068	0	0.591	0.606
ARID1A	CDKN2A	9606.ENSP00000320485	9606.ENSP00000418915	0	0	0	0	0	0	0	0.720	0.720
ARID1A	CHD4	9606.ENSP00000320485	9606.ENSP00000440542	0	0	0	0	0.335	0.314	0	0.447	0.726
ARID1A	ARID2	9606.ENSP00000320485	9606.ENSP00000335044	0	0	0	0.546	0.168	0.324	0.720	0.989	0.998
ARID2	PIK3CA	9606.ENSP00000335044	9606.ENSP00000263967	0	0	0	0	0.122	0	0	0.522	0.562
ARID2	ATM	9606.ENSP00000335044	9606.ENSP00000278616	0	0	0	0	0.138	0	0	0.436	0.493
ARID2	NRAS	9606.ENSP00000335044	9606.ENSP00000358548	0	0	0	0	0.074	0.070	0	0.521	0.551
ARID2	CDKN2A	9606.ENSP00000335044	9606.ENSP00000418915	0	0	0	0	0	0	0	0.577	0.577
ATM	PIK3CA	9606.ENSP00000278616	9606.ENSP00000263967	0	0	0	0.548	0.109	0	0	0.404	0.446
ATM	MTOR	9606.ENSP00000278616	9606.ENSP00000354558	0	0	0	0.551	0.135	0	0	0.343	0.408
ATM	FAT1	9606.ENSP00000278616	9606.ENSP00000406229	0	0	0	0	0.067	0	0	0.392	0.409
ATM	LRP1B	9606.ENSP00000278616	9606.ENSP00000374135	0	0	0	0	0	0	0	0.419	0.418
ATM	GNAQ	9606.ENSP00000278616	9606.ENSP00000286548	0	0	0	0	0.055	0	0	0.416	0.425
ATM	GATA3	9606.ENSP00000278616	9606.ENSP00000368632	0	0	0	0	0.098	0.065	0	0.389	0.440
ATM	PTPRC	9606.ENSP00000278616	9606.ENSP00000411355	0	0	0	0	0.172	0	0	0.379	0.464
ATM	KIT	9606.ENSP00000278616	9606.ENSP00000288135	0	0	0	0	0.052	0	0	0.541	0.546
ATM	ZFHX3	9606.ENSP00000278616	9606.ENSP00000493252	0	0	0	0	0.042	0	0	0.579	0.579
ATM	CHD4	9606.ENSP00000278616	9606.ENSP00000440542	0	0	0	0	0.054	0.300	0	0.452	0.606
ATM	TGFBR2	9606.ENSP00000278616	9606.ENSP00000351905	0	0	0	0	0.074	0.095	0	0.595	0.631
ATM	NRAS	9606.ENSP00000278616	9606.ENSP00000358548	0	0	0	0	0.061	0.071	0	0.611	0.632
ATM	FGFR2	9606.ENSP00000278616	9606.ENSP00000410294	0	0	0	0	0.052	0	0	0.702	0.705
ATM	CDKN2A	9606.ENSP00000278616	9606.ENSP00000418915	0	0	0	0	0.042	0.053	0	0.845	0.847
ATM	ATR	9606.ENSP00000278616	9606.ENSP00000343741	0	0	0	0.564	0.213	0.974	0.900	0.745	0.999
ATR	MTOR	9606.ENSP00000343741	9606.ENSP00000354558	0	0	0	0.554	0.143	0.079	0	0.342	0.436
ATR	CDKN2A	9606.ENSP00000343741	9606.ENSP00000418915	0	0	0	0	0	0.292	0	0.373	0.537
ATR	STAG1	9606.ENSP00000343741	9606.ENSP00000372689	0	0	0	0	0.123	0	0.500	0.282	0.658
ATR	CHD4	9606.ENSP00000343741	9606.ENSP00000440542	0	0	0	0	0.074	0.335	0	0.545	0.695
CDKN2A	PAX8	9606.ENSP00000418915	9606.ENSP00000263334	0	0	0	0	0	0.045	0	0.505	0.507
CDKN2A	EPAS1	9606.ENSP00000418915	9606.ENSP00000263734	0	0	0	0	0	0	0	0.533	0.533
CDKN2A	PIK3CA	9606.ENSP00000418915	9606.ENSP00000263967	0	0	0	0	0	0	0	0.791	0.791
CDKN2A	GNAQ	9606.ENSP00000418915	9606.ENSP00000286548	0	0	0	0	0.042	0	0	0.507	0.507
CDKN2A	KIT	9606.ENSP00000418915	9606.ENSP00000288135	0	0	0	0	0	0	0	0.669	0.669
CDKN2A	PDGFB	9606.ENSP00000418915	9606.ENSP00000330382	0	0	0	0	0.085	0	0	0.380	0.408
CDKN2A	TGFBR2	9606.ENSP00000418915	9606.ENSP00000351905	0	0	0	0	0	0.095	0	0.507	0.534
CDKN2A	NTRK3	9606.ENSP00000418915	9606.ENSP00000354207	0	0	0	0	0	0.095	0	0.375	0.410
CDKN2A	MTOR	9606.ENSP00000418915	9606.ENSP00000354558	0	0	0	0	0.042	0.107	0	0.586	0.615
CDKN2A	NRAS	9606.ENSP00000418915	9606.ENSP00000358548	0	0	0	0	0.055	0.102	0.900	0.837	0.984
CDKN2A	GATA3	9606.ENSP00000418915	9606.ENSP00000368632	0	0	0	0	0	0.049	0	0.643	0.646
CDKN2A	LRP1B	9606.ENSP00000418915	9606.ENSP00000374135	0	0	0	0	0	0	0	0.505	0.505
CDKN2A	FAT1	9606.ENSP00000418915	9606.ENSP00000406229	0	0	0	0	0.042	0	0	0.597	0.597
CDKN2A	FGFR2	9606.ENSP00000418915	9606.ENSP00000410294	0	0	0	0	0	0	0	0.592	0.592
CDKN2A	PTPRC	9606.ENSP00000418915	9606.ENSP00000411355	0	0	0	0	0.042	0.053	0	0.479	0.486
CDKN2A	KIAA1549	9606.ENSP00000418915	9606.ENSP00000416040	0	0	0	0	0	0	0	0.447	0.447
CDKN2A	PIK3CB	9606.ENSP00000418915	9606.ENSP00000501150	0	0	0	0	0	0	0	0.457	0.457
CHD4	PABPC1	9606.ENSP00000440542	9606.ENSP00000313007	0	0	0	0	0.165	0.314	0	0.071	0.422
CHD4	GATA3	9606.ENSP00000440542	9606.ENSP00000368632	0	0	0	0	0	0.095	0	0.687	0.704
CHD4	ZFHX3	9606.ENSP00000440542	9606.ENSP00000493252	0	0	0	0	0.060	0.510	0	0.265	0.631
CREB3L1	GNAQ	9606.ENSP00000481956	9606.ENSP00000286548	0	0	0	0	0	0	0	0.405	0.405
CREB3L1	KIT	9606.ENSP00000481956	9606.ENSP00000288135	0	0	0	0	0	0	0	0.417	0.417
CREB3L1	CREB3L2	9606.ENSP00000481956	9606.ENSP00000329140	0	0	0	0.872	0.049	0.514	0.900	0.158	0.955
CSMD3	PIK3CA	9606.ENSP00000297405	9606.ENSP00000263967	0	0	0	0	0	0	0	0.571	0.571
CSMD3	FAT1	9606.ENSP00000297405	9606.ENSP00000406229	0	0	0	0	0	0	0	0.448	0.448
CSMD3	ZFHX3	9606.ENSP00000297405	9606.ENSP00000493252	0	0	0	0	0	0	0	0.449	0.449
CSMD3	ROBO2	9606.ENSP00000297405	9606.ENSP00000417335	0	0	0	0	0.066	0	0	0.489	0.502
CSMD3	FAT3	9606.ENSP00000297405	9606.ENSP00000432586	0	0	0	0	0.062	0.049	0	0.668	0.678
CSMD3	LRP1B	9606.ENSP00000297405	9606.ENSP00000374135	0	0	0	0	0.093	0	0	0.766	0.779
CTNNA2	LRP1B	9606.ENSP00000384638	9606.ENSP00000374135	0	0	0	0	0.117	0	0	0.440	0.485
CTNNA2	DCC	9606.ENSP00000384638	9606.ENSP00000389140	0	0	0	0	0.119	0	0	0.405	0.454
DCC	ROBO2	9606.ENSP00000389140	9606.ENSP00000417335	0	0	0	0.579	0.074	0.307	0	0.598	0.719
EPAS1	TGFBR2	9606.ENSP00000263734	9606.ENSP00000351905	0	0	0	0	0.221	0.071	0	0.252	0.412
EPAS1	PDGFB	9606.ENSP00000263734	9606.ENSP00000330382	0	0	0	0	0.086	0	0	0.396	0.424
EPAS1	KIT	9606.ENSP00000263734	9606.ENSP00000288135	0	0	0	0	0.108	0	0	0.384	0.427
EPAS1	PIK3CA	9606.ENSP00000263734	9606.ENSP00000263967	0	0	0	0	0	0	0	0.459	0.459
EPAS1	MTOR	9606.ENSP00000263734	9606.ENSP00000354558	0	0	0	0	0	0	0	0.728	0.728
FAT1	PIK3CA	9606.ENSP00000406229	9606.ENSP00000263967	0	0	0	0	0	0	0	0.653	0.653
FAT1	NRAS	9606.ENSP00000406229	9606.ENSP00000358548	0	0	0	0	0	0.169	0	0.376	0.459
FAT1	LATS1	9606.ENSP00000406229	9606.ENSP00000437550	0	0	0	0	0	0.180	0	0.409	0.494
FAT1	ROBO2	9606.ENSP00000406229	9606.ENSP00000417335	0	0	0	0	0.081	0	0	0.483	0.504
FAT3	PIK3CA	9606.ENSP00000432586	9606.ENSP00000263967	0	0	0	0	0	0	0	0.417	0.416
FGFR2	PIK3CA	9606.ENSP00000410294	9606.ENSP00000263967	0	0	0	0	0	0.087	0.650	0.737	0.908
FGFR2	GNAQ	9606.ENSP00000410294	9606.ENSP00000286548	0	0	0	0	0.078	0	0	0.507	0.526
FGFR2	KIT	9606.ENSP00000410294	9606.ENSP00000288135	0	0	0	0.714	0.078	0.099	0	0.479	0.529
FGFR2	PDGFB	9606.ENSP00000410294	9606.ENSP00000330382	0	0	0	0	0.057	0	0.650	0.358	0.769
FGFR2	NTRK3	9606.ENSP00000410294	9606.ENSP00000354207	0	0	0	0.645	0.082	0.091	0	0.375	0.432
FGFR2	NRAS	9606.ENSP00000410294	9606.ENSP00000358548	0	0	0	0	0	0.099	0.900	0.767	0.977
FGFR2	PIK3CB	9606.ENSP00000410294	9606.ENSP00000501150	0	0	0	0	0.042	0.087	0.650	0.292	0.754
FLI1	TGFBR2	9606.ENSP00000433488	9606.ENSP00000351905	0	0	0	0	0.189	0.052	0	0.363	0.468
GATA3	PAX8	9606.ENSP00000368632	9606.ENSP00000263334	0	0	0	0	0.086	0	0	0.692	0.707
GATA3	PIK3CA	9606.ENSP00000368632	9606.ENSP00000263967	0	0	0	0	0	0	0	0.583	0.583
GATA3	KIT	9606.ENSP00000368632	9606.ENSP00000288135	0	0	0	0	0	0	0	0.583	0.583
GATA3	MTOR	9606.ENSP00000368632	9606.ENSP00000354558	0	0	0	0	0	0.126	0	0.391	0.445
GATA3	PRDM1	9606.ENSP00000368632	9606.ENSP00000358092	0	0	0	0	0.050	0	0	0.597	0.601
GATA3	NFIB	9606.ENSP00000368632	9606.ENSP00000370340	0	0	0	0	0	0.292	0	0.322	0.499
GATA3	PTPRC	9606.ENSP00000368632	9606.ENSP00000411355	0	0	0	0	0.049	0	0	0.631	0.634
GNAQ	PIK3CA	9606.ENSP00000286548	9606.ENSP00000263967	0	0	0	0	0.055	0.292	0.500	0.741	0.901
GNAQ	KIT	9606.ENSP00000286548	9606.ENSP00000288135	0	0	0	0	0.220	0	0	0.741	0.789
GNAQ	NRAS	9606.ENSP00000286548	9606.ENSP00000358548	0	0	0	0	0.057	0	0.900	0.747	0.974
KIAA1549	NRAS	9606.ENSP00000416040	9606.ENSP00000358548	0	0	0	0	0	0.068	0.400	0.245	0.541
KIT	PAX8	9606.ENSP00000288135	9606.ENSP00000263334	0	0	0	0	0	0	0	0.544	0.544
KIT	PIK3CA	9606.ENSP00000288135	9606.ENSP00000263967	0	0	0	0	0.106	0.325	0.900	0.809	0.986
KIT	MTOR	9606.ENSP00000288135	9606.ENSP00000354558	0	0	0	0	0	0	0	0.574	0.574
KIT	PDGFB	9606.ENSP00000288135	9606.ENSP00000330382	0	0	0	0	0.103	0	0.650	0.637	0.876
KIT	PTPRC	9606.ENSP00000288135	9606.ENSP00000411355	0	0	0	0	0.235	0.051	0	0.881	0.906
KIT	PIK3CB	9606.ENSP00000288135	9606.ENSP00000501150	0	0	0	0	0.108	0.087	0.900	0.580	0.961
KIT	NRAS	9606.ENSP00000288135	9606.ENSP00000358548	0	0	0	0	0.055	0.071	0.900	0.812	0.981
LRP1B	PIK3CA	9606.ENSP00000374135	9606.ENSP00000263967	0	0	0	0	0	0	0	0.581	0.581
LZTR1	PIK3CA	9606.ENSP00000496779	9606.ENSP00000263967	0	0	0	0	0.055	0	0	0.574	0.580
LZTR1	NRAS	9606.ENSP00000496779	9606.ENSP00000358548	0	0	0	0	0	0.659	0	0.635	0.870
MTOR	PIK3CA	9606.ENSP00000354558	9606.ENSP00000263967	0	0	0	0.548	0.060	0.166	0.900	0.592	0.963
MTOR	NTRK3	9606.ENSP00000354558	9606.ENSP00000354207	0	0	0	0	0	0.257	0	0.240	0.411
MTOR	PTPRC	9606.ENSP00000354558	9606.ENSP00000411355	0	0	0	0	0.063	0.053	0	0.401	0.422
MTOR	NRAS	9606.ENSP00000354558	9606.ENSP00000358548	0	0	0	0	0.074	0.390	0	0.519	0.705
MTOR	PIK3CB	9606.ENSP00000354558	9606.ENSP00000501150	0	0	0	0.549	0.082	0.166	0.900	0.350	0.943
NFIB	NTRK3	9606.ENSP00000370340	9606.ENSP00000354207	0	0	0	0	0.067	0.045	0	0.480	0.496
NRAS	PAX8	9606.ENSP00000358548	9606.ENSP00000263334	0	0	0	0	0	0	0	0.803	0.803
NRAS	PIK3CA	9606.ENSP00000358548	9606.ENSP00000263967	0	0	0	0	0.125	0.483	0.900	0.921	0.995
NRAS	PDGFB	9606.ENSP00000358548	9606.ENSP00000330382	0	0	0	0	0	0	0.500	0.312	0.641
NRAS	TGFBR2	9606.ENSP00000358548	9606.ENSP00000351905	0	0	0	0	0.074	0.110	0	0.379	0.443
NRAS	NTRK3	9606.ENSP00000358548	9606.ENSP00000354207	0	0	0	0	0.074	0.110	0.500	0.481	0.757
NRAS	PTPRC	9606.ENSP00000358548	9606.ENSP00000411355	0	0	0	0	0.065	0.087	0	0.369	0.415
NRAS	PIK3CB	9606.ENSP00000358548	9606.ENSP00000501150	0	0	0	0	0.074	0.133	0.900	0.422	0.947
NTRK3	PIK3CA	9606.ENSP00000354207	9606.ENSP00000263967	0	0	0	0	0.050	0.069	0.500	0.492	0.745
PAX8	PIK3CA	9606.ENSP00000263334	9606.ENSP00000263967	0	0	0	0	0	0	0	0.474	0.474
PDGFB	PIK3CA	9606.ENSP00000330382	9606.ENSP00000263967	0	0	0	0	0	0	0.400	0.230	0.518
PDGFB	PIK3CB	9606.ENSP00000330382	9606.ENSP00000501150	0	0	0	0	0	0	0.400	0.170	0.480
PIK3CA	PTPRC	9606.ENSP00000263967	9606.ENSP00000411355	0	0	0	0	0.205	0.049	0	0.338	0.457
PIK3CA	TGFBR2	9606.ENSP00000263967	9606.ENSP00000351905	0	0	0	0	0.049	0.069	0	0.496	0.515
PIK3CA	PIK3CB	9606.ENSP00000263967	9606.ENSP00000501150	0	0	0.060	0.882	0.083	0	0.900	0.984	0.998
PIK3CB	TGFBR2	9606.ENSP00000501150	9606.ENSP00000351905	0	0	0	0	0.042	0.503	0	0.187	0.579
PRDM1	PTPRC	9606.ENSP00000358092	9606.ENSP00000411355	0	0	0	0	0.152	0	0	0.575	0.624
PTPRC	TGFBR2	9606.ENSP00000411355	9606.ENSP00000351905	0	0	0	0	0.127	0.097	0	0.395	0.482
