Gene stable ID	HGNC symbol	Gene name	Chromosome/scaffold name	Gene start (bp)	Gene end (bp)	UniProtKB Gene Name ID
ENSG00000172915	NBEA	NBEA	13	34942270	35673022	A0A8I5KWL1
ENSG00000172915	NBEA	NBEA	13	34942270	35673022	Q8NFP9
ENSG00000172915	NBEA	NBEA	13	34942270	35673022	A0A8I5QJQ0
ENSG00000172915	NBEA	NBEA	13	34942270	35673022	A0A8I5QKR6
ENSG00000172915	NBEA	NBEA	13	34942270	35673022	Q5T321
ENSG00000172915	NBEA	NBEA	13	34942270	35673022	A0A8I5KX92
ENSG00000172915	NBEA	NBEA	13	34942270	35673022	A0A8I5KXR7
ENSG00000172915	NBEA	NBEA	13	34942270	35673022	A0A8I5KRZ1
ENSG00000172915	NBEA	NBEA	13	34942270	35673022	A0A8I5QJB2
ENSG00000172915	NBEA	NBEA	13	34942270	35673022	A0A8I5KTY1
ENSG00000172915	NBEA	NBEA	13	34942270	35673022	A0A8I5KRX1
ENSG00000172915	NBEA	NBEA	13	34942270	35673022	A0A8I5KS18
ENSG00000172915	NBEA	NBEA	13	34942270	35673022	A0A8I5QKR1
ENSG00000172915	NBEA	NBEA	13	34942270	35673022	A0A8I5KSX3
ENSG00000172915	NBEA	NBEA	13	34942270	35673022	A0A8I5KQP5
ENSG00000172915	NBEA	NBEA	13	34942270	35673022	A0A8I5KQL6
ENSG00000172915	NBEA	NBEA	13	34942270	35673022	A0A8I5KXY8
ENSG00000172915	NBEA	NBEA	13	34942270	35673022	A0A8I5KTV6
ENSG00000172915	NBEA	NBEA	13	34942270	35673022	A0A8I5KXL4
ENSG00000172915	NBEA	NBEA	13	34942270	35673022	A0A8I5KS58
ENSG00000172915	NBEA	NBEA	13	34942270	35673022	A0A0D9SF28
ENSG00000187323	DCC	DCC	18	52340197	53535899	P43146
ENSG00000187323	DCC	DCC	18	52340197	53535899	J3QQJ6
ENSG00000187323	DCC	DCC	18	52340197	53535899	J3QLB0
ENSG00000187323	DCC	DCC	18	52340197	53535899	J3QKL2
ENSG00000187323	DCC	DCC	18	52340197	53535899	J3QS93
ENSG00000198354	DCAF12L2	DCAF12L2	X	126163499	126166289	Q5VW00
ENSG00000085185	BCORL1	BCORL1	X	129981107	130058071	Q5H9F3
ENSG00000085185	BCORL1	BCORL1	X	129981107	130058071	V9GYD4
ENSG00000085185	BCORL1	BCORL1	X	129981107	130058071	A0A087X1F0
ENSG00000164796	CSMD3	CSMD3	8	112222928	113436939	Q7Z407
ENSG00000164796	CSMD3	CSMD3	8	112222928	113436939	H7BXX0
ENSG00000147889	CDKN2A	CDKN2A	9	21967752	21995301	Q8N726
ENSG00000147889	CDKN2A	CDKN2A	9	21967752	21995301	K7PML8
ENSG00000147889	CDKN2A	CDKN2A	9	21967752	21995301	P42771
ENSG00000147889	CDKN2A	CDKN2A	9	21967752	21995301	K7ES20
ENSG00000147889	CDKN2A	CDKN2A	9	21967752	21995301	K7ENC6
ENSG00000147889	CDKN2A	CDKN2A	9	21967752	21995301	J3QRG6
ENSG00000099949	LZTR1	LZTR1	22	20982223	20999035	Q8N653
ENSG00000099949	LZTR1	LZTR1	22	20982223	20999035	H7C305
ENSG00000099949	LZTR1	LZTR1	22	20982223	20999035	F8WB67
ENSG00000099949	LZTR1	LZTR1	22	20982223	20999035	A0A8V8TQF0
ENSG00000099949	LZTR1	LZTR1	22	20982223	20999035	A0A2R8YCD2
ENSG00000099949	LZTR1	LZTR1	22	20982223	20999035	F8WCB6
ENSG00000099949	LZTR1	LZTR1	22	20982223	20999035	F8WEQ8
ENSG00000171310	CHST11	CHST11	12	104455295	104762014	Q9NPF2
ENSG00000171310	CHST11	CHST11	12	104455295	104762014	F8VXK3
ENSG00000171310	CHST11	CHST11	12	104455295	104762014	F8VRG6
ENSG00000171310	CHST11	CHST11	12	104455295	104762014	F8VXK7
ENSG00000169083	AR	AR	X	67543353	67730619	P10275
ENSG00000169083	AR	AR	X	67543353	67730619	F5GZG9
ENSG00000169083	AR	AR	X	67543353	67730619	A0A087WUX9
ENSG00000169083	AR	AR	X	67543353	67730619	A0A7I2PS51
ENSG00000169083	AR	AR	X	67543353	67730619	E9PEG3
ENSG00000171094	ALK	ALK	2	29192774	29921586	Q9UM73
ENSG00000171094	ALK	ALK	2	29192774	29921586	A0A0K2YUJ3
ENSG00000171094	ALK	ALK	2	29192774	29921586	A0A087WZL3
ENSG00000171094	ALK	ALK	2	29192774	29921586	H7BZ33
ENSG00000168702	LRP1B	LRP1B	2	140231423	142131016	Q9NZR2
ENSG00000168702	LRP1B	LRP1B	2	140231423	142131016	E7ERG8
ENSG00000066032	CTNNA2	CTNNA2	2	79185231	80648861	P26232
ENSG00000066032	CTNNA2	CTNNA2	2	79185231	80648861	A0A0A0MTJ6
ENSG00000066032	CTNNA2	CTNNA2	2	79185231	80648861	F6KRI5
ENSG00000066032	CTNNA2	CTNNA2	2	79185231	80648861	C9J144
ENSG00000066032	CTNNA2	CTNNA2	2	79185231	80648861	B8ZZE7
ENSG00000066032	CTNNA2	CTNNA2	2	79185231	80648861	C9IZ88
ENSG00000066032	CTNNA2	CTNNA2	2	79185231	80648861	B9A010
ENSG00000066032	CTNNA2	CTNNA2	2	79185231	80648861	A0A0A0MRI5
ENSG00000099956	SMARCB1	SMARCB1	22	23786931	23838009	A0A0G2JRV3
ENSG00000099956	SMARCB1	SMARCB1	22	23786931	23838009	Q12824
ENSG00000099956	SMARCB1	SMARCB1	22	23786931	23838009	G5E975
ENSG00000099956	SMARCB1	SMARCB1	22	23786931	23838009	A0A2R8YDN6
ENSG00000099956	SMARCB1	SMARCB1	22	23786931	23838009	C9JTA6
ENSG00000099956	SMARCB1	SMARCB1	22	23786931	23838009	A0A2R8Y5N5
ENSG00000099956	SMARCB1	SMARCB1	22	23786931	23838009	B5MCL5
ENSG00000099956	SMARCB1	SMARCB1	22	23786931	23838009	A0A2R8Y5Z2
ENSG00000099956	SMARCB1	SMARCB1	22	23786931	23838009	A0A0G2JSE9
ENSG00000099956	SMARCB1	SMARCB1	22	23786931	23838009	A0A2R8YEE8
ENSG00000138115	CYP2C8	CYP2C8	10	95034359	95069498	P10632
ENSG00000138115	CYP2C8	CYP2C8	10	95034359	95069498	B7Z1F5
ENSG00000138115	CYP2C8	CYP2C8	10	95034359	95069498	G3V188
ENSG00000138115	CYP2C8	CYP2C8	10	95034359	95069498	E9PLI9
ENSG00000138115	CYP2C8	CYP2C8	10	95034359	95069498	E9PIW6
ENSG00000138115	CYP2C8	CYP2C8	10	95034359	95069498	A0A0D9SG51
ENSG00000156052	GNAQ	GNAQ	9	77716097	78031972	P50148
ENSG00000156052	GNAQ	GNAQ	9	77716097	78031972	B1AM21
ENSG00000087088	BAX	BAX	19	48954815	48961798	I6LPK7
ENSG00000087088	BAX	BAX	19	48954815	48961798	Q07812
ENSG00000083857	FAT1	FAT1	4	186587791	186726722	Q14517
ENSG00000083857	FAT1	FAT1	4	186587791	186726722	H0Y8F5
ENSG00000083857	FAT1	FAT1	4	186587791	186726722	D6RCE4
ENSG00000083857	FAT1	FAT1	4	186587791	186726722	D6RHE6
ENSG00000109685	NSD2	NSD2	4	1870559	1982207	O96028
ENSG00000109685	NSD2	NSD2	4	1870559	1982207	A0A7I2YQS5
ENSG00000109685	NSD2	NSD2	4	1870559	1982207	A0A7P0P278
ENSG00000109685	NSD2	NSD2	4	1870559	1982207	H0Y9L4
ENSG00000109685	NSD2	NSD2	4	1870559	1982207	A0A7I2V2S2
ENSG00000109685	NSD2	NSD2	4	1870559	1982207	D6RFE7
ENSG00000109685	NSD2	NSD2	4	1870559	1982207	D6R9V2
ENSG00000109685	NSD2	NSD2	4	1870559	1982207	D6RIS1
ENSG00000165323	FAT3	FAT3	11	92224818	92896473	Q8TDW7
ENSG00000128052	KDR	KDR	4	55078476	55125595	P35968
ENSG00000140836	ZFHX3	ZFHX3	16	72782885	73891871	Q15911
ENSG00000157613	CREB3L1	CREB3L1	11	46277637	46321422	Q96BA8
ENSG00000157613	CREB3L1	CREB3L1	11	46277637	46321422	E9PK33
ENSG00000157613	CREB3L1	CREB3L1	11	46277637	46321422	H0YEU7
ENSG00000185008	ROBO2	ROBO2	3	75906695	77649964	Q9HCK4
ENSG00000185008	ROBO2	ROBO2	3	75906695	77649964	H7C4U9
ENSG00000185008	ROBO2	ROBO2	3	75906695	77649964	A0A994J5N3
ENSG00000185008	ROBO2	ROBO2	3	75906695	77649964	A0A8Q3WLE3
ENSG00000185008	ROBO2	ROBO2	3	75906695	77649964	A0A994J7I9
ENSG00000185008	ROBO2	ROBO2	3	75906695	77649964	A0A8Q3SIW8
ENSG00000185008	ROBO2	ROBO2	3	75906695	77649964	F8W703
ENSG00000185008	ROBO2	ROBO2	3	75906695	77649964	R4GMM8
ENSG00000185008	ROBO2	ROBO2	3	75906695	77649964	A0A8Q3SIU0
ENSG00000185008	ROBO2	ROBO2	3	75906695	77649964	H7C4W9
ENSG00000185008	ROBO2	ROBO2	3	75906695	77649964	H7C4J7
ENSG00000185008	ROBO2	ROBO2	3	75906695	77649964	A0A8Q3SIP4
ENSG00000185008	ROBO2	ROBO2	3	75906695	77649964	A0A8Q3SIT0
ENSG00000185008	ROBO2	ROBO2	3	75906695	77649964	F8WBR3
ENSG00000157404	KIT	KIT	4	54657267	54740783	P10721
ENSG00000157404	KIT	KIT	4	54657267	54740783	A0A0U2N547
ENSG00000157404	KIT	KIT	4	54657267	54740783	A0A8I5KQZ6
ENSG00000157404	KIT	KIT	4	54657267	54740783	A0A8I5KXA4
ENSG00000157404	KIT	KIT	4	54657267	54740783	A0A8I5QKP7
ENSG00000157404	KIT	KIT	4	54657267	54740783	A0A8I5KRE7
ENSG00000157404	KIT	KIT	4	54657267	54740783	A0A8I5KPX7
ENSG00000157404	KIT	KIT	4	54657267	54740783	A0A8I5KS03
ENSG00000157404	KIT	KIT	4	54657267	54740783	A0A8J8Z860
ENSG00000157404	KIT	KIT	4	54657267	54740783	A0A8I5QKL5
ENSG00000157404	KIT	KIT	4	54657267	54740783	A0A8I5KR87
ENSG00000138336	TET1	TET1	10	68560310	68694586	Q8NFU7
ENSG00000066468	FGFR2	FGFR2	10	121478332	121598458	A0A1W2PQT9
ENSG00000066468	FGFR2	FGFR2	10	121478332	121598458	D2CGD1
ENSG00000066468	FGFR2	FGFR2	10	121478332	121598458	P21802
ENSG00000066468	FGFR2	FGFR2	10	121478332	121598458	A0A804HI76
ENSG00000066468	FGFR2	FGFR2	10	121478332	121598458	A0A804HIH8
ENSG00000066468	FGFR2	FGFR2	10	121478332	121598458	A0A141AXF1
ENSG00000066468	FGFR2	FGFR2	10	121478332	121598458	A0A5S6RJB7
ENSG00000066468	FGFR2	FGFR2	10	121478332	121598458	H7BXU9
ENSG00000066468	FGFR2	FGFR2	10	121478332	121598458	A0A087X2D1
ENSG00000066468	FGFR2	FGFR2	10	121478332	121598458	S4R381
ENSG00000066468	FGFR2	FGFR2	10	121478332	121598458	E7EVR7
ENSG00000066468	FGFR2	FGFR2	10	121478332	121598458	S4R3B2
ENSG00000066468	FGFR2	FGFR2	10	121478332	121598458	A0A804HI10
ENSG00000066468	FGFR2	FGFR2	10	121478332	121598458	H7C265
ENSG00000066468	FGFR2	FGFR2	10	121478332	121598458	A0A1B0GWF4
ENSG00000129993	CBFA2T3	CBFA2T3	16	88874858	88977207	O75081
ENSG00000129993	CBFA2T3	CBFA2T3	16	88874858	88977207	H3BU07
ENSG00000129993	CBFA2T3	CBFA2T3	16	88874858	88977207	H3BNI7
ENSG00000129993	CBFA2T3	CBFA2T3	16	88874858	88977207	H3BR72
ENSG00000129993	CBFA2T3	CBFA2T3	16	88874858	88977207	H3BNH2
ENSG00000129993	CBFA2T3	CBFA2T3	16	88874858	88977207	H3BMZ0
ENSG00000129993	CBFA2T3	CBFA2T3	16	88874858	88977207	H3BSI4
ENSG00000186575	NF2	NF2	22	29603546	29698598	P35240
ENSG00000186575	NF2	NF2	22	29603546	29698598	A0A5F9ZHA0
ENSG00000186575	NF2	NF2	22	29603546	29698598	A0A5F9ZHD8
ENSG00000186575	NF2	NF2	22	29603546	29698598	A0A5K1VW66
ENSG00000144554	FANCD2	FANCD2	3	10026370	10101937	F8WE37
ENSG00000144554	FANCD2	FANCD2	3	10026370	10101937	Q9BXW9
ENSG00000144554	FANCD2	FANCD2	3	10026370	10101937	A0A6Q8PFY3
ENSG00000131023	LATS1	LATS1	6	149658153	149718105	O95835
ENSG00000131023	LATS1	LATS1	6	149658153	149718105	Q6PJG3
ENSG00000131023	LATS1	LATS1	6	149658153	149718105	H0YG09
ENSG00000182944	EWSR1	EWSR1	22	29268009	29300530	Q01844
ENSG00000182944	EWSR1	EWSR1	22	29268009	29300530	C9JGE3
ENSG00000182944	EWSR1	EWSR1	22	29268009	29300530	B0QYJ3
ENSG00000182944	EWSR1	EWSR1	22	29268009	29300530	B0QYJ5
ENSG00000182944	EWSR1	EWSR1	22	29268009	29300530	F8WC90
ENSG00000182944	EWSR1	EWSR1	22	29268009	29300530	B0QYJ6
ENSG00000182944	EWSR1	EWSR1	22	29268009	29300530	B0QYJ4
ENSG00000182944	EWSR1	EWSR1	22	29268009	29300530	B0QYJ7
ENSG00000182944	EWSR1	EWSR1	22	29268009	29300530	B0QYK0
ENSG00000182944	EWSR1	EWSR1	22	29268009	29300530	A0A0D9SFL3
ENSG00000183454	GRIN2A	GRIN2A	16	9753404	10183337	Q12879
ENSG00000183454	GRIN2A	GRIN2A	16	9753404	10183337	Q547U9
ENSG00000183454	GRIN2A	GRIN2A	16	9753404	10183337	A0A6Q8PHM7
ENSG00000183454	GRIN2A	GRIN2A	16	9753404	10183337	A0A1B0GVW1
ENSG00000183454	GRIN2A	GRIN2A	16	9753404	10183337	A0A6Q8PGD2
ENSG00000183454	GRIN2A	GRIN2A	16	9753404	10183337	A0A1B0GUT1
ENSG00000183454	GRIN2A	GRIN2A	16	9753404	10183337	A0A890YTL4
ENSG00000183454	GRIN2A	GRIN2A	16	9753404	10183337	F5GZ52
ENSG00000051341	POLQ	POLQ	3	121431426	121546002	O75417
ENSG00000172409	CLP1	CLP1	11	57648188	57661865	Q92989
ENSG00000172409	CLP1	CLP1	11	57648188	57661865	E9PKV5
ENSG00000172409	CLP1	CLP1	11	57648188	57661865	E9PL17
ENSG00000172409	CLP1	CLP1	11	57648188	57661865	E9PJM4
ENSG00000175054	ATR	ATR	3	142449007	142578781	Q13535
ENSG00000175054	ATR	ATR	3	142449007	142578781	D6RFJ6
ENSG00000175054	ATR	ATR	3	142449007	142578781	D6RIG7
ENSG00000175054	ATR	ATR	3	142449007	142578781	H0Y8R8
ENSG00000116016	EPAS1	EPAS1	2	46293667	46386697	Q99814
ENSG00000116016	EPAS1	EPAS1	2	46293667	46386697	C9J9N2
ENSG00000070756	PABPC1	PABPC1	8	100685816	100722809	E7EQV3
ENSG00000070756	PABPC1	PABPC1	8	100685816	100722809	A0A7I2YQ88
ENSG00000070756	PABPC1	PABPC1	8	100685816	100722809	P11940
ENSG00000070756	PABPC1	PABPC1	8	100685816	100722809	A0A7I2YQE4
ENSG00000070756	PABPC1	PABPC1	8	100685816	100722809	A0A7I2YQ90
ENSG00000070756	PABPC1	PABPC1	8	100685816	100722809	E5RJM8
ENSG00000070756	PABPC1	PABPC1	8	100685816	100722809	A0A7I2V649
ENSG00000070756	PABPC1	PABPC1	8	100685816	100722809	E5RGH3
ENSG00000070756	PABPC1	PABPC1	8	100685816	100722809	A0A087WTT1
ENSG00000070756	PABPC1	PABPC1	8	100685816	100722809	H0YAS7
ENSG00000070756	PABPC1	PABPC1	8	100685816	100722809	H0YAR2
ENSG00000070756	PABPC1	PABPC1	8	100685816	100722809	E7ERJ7
ENSG00000070756	PABPC1	PABPC1	8	100685816	100722809	A0A7I2V4N4
ENSG00000070756	PABPC1	PABPC1	8	100685816	100722809	E5RFD8
ENSG00000070756	PABPC1	PABPC1	8	100685816	100722809	A0A7I2V3J9
ENSG00000163513	TGFBR2	TGFBR2	3	30606478	30694249	A0AAQ5BI06
ENSG00000163513	TGFBR2	TGFBR2	3	30606478	30694249	P37173
ENSG00000163513	TGFBR2	TGFBR2	3	30606478	30694249	A3QNQ0
ENSG00000163513	TGFBR2	TGFBR2	3	30606478	30694249	D2JYI1
ENSG00000163513	TGFBR2	TGFBR2	3	30606478	30694249	A0AAQ5BI03
ENSG00000163513	TGFBR2	TGFBR2	3	30606478	30694249	A0AAQ5BI02
ENSG00000170759	KIF5B	KIF5B	10	32009014	32056454	P33176
ENSG00000170759	KIF5B	KIF5B	10	32009014	32056454	V9HW29
ENSG00000182158	CREB3L2	CREB3L2	7	137874979	138002086	Q70SY1
ENSG00000182158	CREB3L2	CREB3L2	7	137874979	138002086	C9JPH0
ENSG00000182158	CREB3L2	CREB3L2	7	137874979	138002086	H7C1W8
ENSG00000125618	PAX8	PAX8	2	113215997	113278921	R9W7C9
ENSG00000125618	PAX8	PAX8	2	113215997	113278921	Q06710
ENSG00000125618	PAX8	PAX8	2	113215997	113278921	A0A024R531
ENSG00000125618	PAX8	PAX8	2	113215997	113278921	G3V3F3
ENSG00000125618	PAX8	PAX8	2	113215997	113278921	A0A7P0T907
ENSG00000125618	PAX8	PAX8	2	113215997	113278921	A0A140TA56
ENSG00000117713	ARID1A	ARID1A	1	26693236	26782104	O14497
ENSG00000117713	ARID1A	ARID1A	1	26693236	26782104	E9PQW6
ENSG00000117713	ARID1A	ARID1A	1	26693236	26782104	A0A1B0GTU5
ENSG00000117713	ARID1A	ARID1A	1	26693236	26782104	H0Y488
ENSG00000117713	ARID1A	ARID1A	1	26693236	26782104	A0A1B0GVT5
ENSG00000140538	NTRK3	NTRK3	15	87859751	88256993	B7Z7U4
ENSG00000140538	NTRK3	NTRK3	15	87859751	88256993	X5D7M5
ENSG00000140538	NTRK3	NTRK3	15	87859751	88256993	Q96CY4
ENSG00000140538	NTRK3	NTRK3	15	87859751	88256993	Q16288
ENSG00000140538	NTRK3	NTRK3	15	87859751	88256993	X5D2R1
ENSG00000140538	NTRK3	NTRK3	15	87859751	88256993	H0YM90
ENSG00000140538	NTRK3	NTRK3	15	87859751	88256993	R4GN40
ENSG00000140538	NTRK3	NTRK3	15	87859751	88256993	X5DNW6
ENSG00000140538	NTRK3	NTRK3	15	87859751	88256993	A0A0D9SFP6
ENSG00000140538	NTRK3	NTRK3	15	87859751	88256993	R4GNH5
ENSG00000140538	NTRK3	NTRK3	15	87859751	88256993	A0A087WX31
ENSG00000140538	NTRK3	NTRK3	15	87859751	88256993	A0A8Q3SHY2
ENSG00000100311	PDGFB	PDGFB	22	39223359	39244982	P01127
ENSG00000100311	PDGFB	PDGFB	22	39223359	39244982	A9UJP0
ENSG00000100311	PDGFB	PDGFB	22	39223359	39244982	A9UJN9
ENSG00000138592	USP8	USP8	15	50424372	50514421	H0YLS3
ENSG00000138592	USP8	USP8	15	50424372	50514421	P40818
ENSG00000138592	USP8	USP8	15	50424372	50514421	H0YM17
ENSG00000138592	USP8	USP8	15	50424372	50514421	H0YLH2
ENSG00000138592	USP8	USP8	15	50424372	50514421	H0YKV1
ENSG00000138592	USP8	USP8	15	50424372	50514421	H0YNL5
ENSG00000138592	USP8	USP8	15	50424372	50514421	H0YM47
ENSG00000138592	USP8	USP8	15	50424372	50514421	A0A075B720
ENSG00000147862	NFIB	NFIB	9	14081843	14398983	Q5VW26
ENSG00000147862	NFIB	NFIB	9	14081843	14398983	O00712
ENSG00000147862	NFIB	NFIB	9	14081843	14398983	Q5VW27
ENSG00000147862	NFIB	NFIB	9	14081843	14398983	Q5VW30
ENSG00000147862	NFIB	NFIB	9	14081843	14398983	Q5VW28
ENSG00000147862	NFIB	NFIB	9	14081843	14398983	U3KQE8
ENSG00000147862	NFIB	NFIB	9	14081843	14398983	A0A1B0GWB8
ENSG00000147862	NFIB	NFIB	9	14081843	14398983	A0A1B0GWJ4
ENSG00000147862	NFIB	NFIB	9	14081843	14398983	U3KPY9
ENSG00000147862	NFIB	NFIB	9	14081843	14398983	A0A1B0GU97
ENSG00000147862	NFIB	NFIB	9	14081843	14398983	Q5W0Y9
ENSG00000147862	NFIB	NFIB	9	14081843	14398983	A0A1B0GTC1
ENSG00000147862	NFIB	NFIB	9	14081843	14398983	A0A1B0GVN4
ENSG00000147862	NFIB	NFIB	9	14081843	14398983	A0A0A0MRX8
ENSG00000147862	NFIB	NFIB	9	14081843	14398983	A0A2R8Y7V8
ENSG00000147862	NFIB	NFIB	9	14081843	14398983	A0A1B0GW37
ENSG00000147862	NFIB	NFIB	9	14081843	14398983	Q5VW31
ENSG00000066279	ASPM	ASPM	1	197084121	197146694	Q8IZT6
ENSG00000066279	ASPM	ASPM	1	197084121	197146694	A0A7P0T8U9
ENSG00000066279	ASPM	ASPM	1	197084121	197146694	A0A7P0Z4R7
ENSG00000066279	ASPM	ASPM	1	197084121	197146694	A0A7P0Z491
ENSG00000107485	GATA3	GATA3	10	8045315	8075198	P23771
ENSG00000107485	GATA3	GATA3	10	8045315	8075198	A0A2R8Y4T2
ENSG00000107485	GATA3	GATA3	10	8045315	8075198	A0A2R8Y2A9
ENSG00000139083	ETV6	ETV6	12	11649623	11895386	P41212
ENSG00000139083	ETV6	ETV6	12	11649623	11895386	H0YG25
ENSG00000139083	ETV6	ETV6	12	11649623	11895386	A0A0S2Z3C9
ENSG00000089280	FUS	FUS	16	31180134	31196963	Q6IBQ5
ENSG00000089280	FUS	FUS	16	31180134	31196963	P35637
ENSG00000089280	FUS	FUS	16	31180134	31196963	A0AAQ5BIG2
ENSG00000089280	FUS	FUS	16	31180134	31196963	H3BNZ4
ENSG00000089280	FUS	FUS	16	31180134	31196963	H3BPE7
ENSG00000089280	FUS	FUS	16	31180134	31196963	A0AAQ5BIK3
ENSG00000122778	KIAA1549	KIAA1549	7	138831381	138982084	Q9HCM3
ENSG00000123268	ATF1	ATF1	12	50763710	50821162	P18846
ENSG00000123268	ATF1	ATF1	12	50763710	50821162	F8VS03
ENSG00000123268	ATF1	ATF1	12	50763710	50821162	F8VRN2
ENSG00000123268	ATF1	ATF1	12	50763710	50821162	F8VYE5
ENSG00000123268	ATF1	ATF1	12	50763710	50821162	F8VYN3
ENSG00000164398	ACSL6	ACSL6	5	131949973	132012243	Q9UKU0
ENSG00000164398	ACSL6	ACSL6	5	131949973	132012243	C9JT10
ENSG00000164398	ACSL6	ACSL6	5	131949973	132012243	C9J3Z0
ENSG00000164398	ACSL6	ACSL6	5	131949973	132012243	C9JK59
ENSG00000164398	ACSL6	ACSL6	5	131949973	132012243	A0A499FJL5
ENSG00000164398	ACSL6	ACSL6	5	131949973	132012243	C9J4I1
ENSG00000164398	ACSL6	ACSL6	5	131949973	132012243	A0A494C0B6
ENSG00000164398	ACSL6	ACSL6	5	131949973	132012243	A0A494C1I9
ENSG00000164398	ACSL6	ACSL6	5	131949973	132012243	C9J8C7
ENSG00000164398	ACSL6	ACSL6	5	131949973	132012243	A0A494BZW8
ENSG00000164398	ACSL6	ACSL6	5	131949973	132012243	A0A494C0A5
ENSG00000164398	ACSL6	ACSL6	5	131949973	132012243	A0A494C0V0
ENSG00000164398	ACSL6	ACSL6	5	131949973	132012243	A0A494C0D5
ENSG00000164398	ACSL6	ACSL6	5	131949973	132012243	E7ERD7
ENSG00000164398	ACSL6	ACSL6	5	131949973	132012243	A0A494C0J9
ENSG00000164398	ACSL6	ACSL6	5	131949973	132012243	A0A494C005
ENSG00000164398	ACSL6	ACSL6	5	131949973	132012243	C9JPA5
ENSG00000134250	NOTCH2	NOTCH2	1	119911553	120100779	Q04721
ENSG00000134250	NOTCH2	NOTCH2	1	119911553	120100779	A0A494C1U9
ENSG00000134250	NOTCH2	NOTCH2	1	119911553	120100779	A0A1W2PQQ5
ENSG00000134250	NOTCH2	NOTCH2	1	119911553	120100779	A0A494C1F1
ENSG00000213281	NRAS	NRAS	1	114704469	114716771	Q5U091
ENSG00000213281	NRAS	NRAS	1	114704469	114716771	P01111
ENSG00000198793	MTOR	MTOR	1	11106531	11262556	P42345
ENSG00000198793	MTOR	MTOR	1	11106531	11262556	A0A8V8TQ52
ENSG00000198793	MTOR	MTOR	1	11106531	11262556	A0A8V8TQM6
ENSG00000198793	MTOR	MTOR	1	11106531	11262556	A0A8V8TQP2
ENSG00000198793	MTOR	MTOR	1	11106531	11262556	A0A8V8TRG9
ENSG00000198793	MTOR	MTOR	1	11106531	11262556	A0A8V8TQN3
ENSG00000181163	NPM1	NPM1	5	171387086	171411810	E5RI98
ENSG00000181163	NPM1	NPM1	5	171387086	171411810	P06748
ENSG00000181163	NPM1	NPM1	5	171387086	171411810	A0A0S2Z4G7
ENSG00000181163	NPM1	NPM1	5	171387086	171411810	A0A7I2V579
ENSG00000181163	NPM1	NPM1	5	171387086	171411810	A0A7I2V2X9
ENSG00000181163	NPM1	NPM1	5	171387086	171411810	A0A7I2YQC0
ENSG00000181163	NPM1	NPM1	5	171387086	171411810	A0A0S2Z491
ENSG00000181163	NPM1	NPM1	5	171387086	171411810	E5RGW4
ENSG00000181163	NPM1	NPM1	5	171387086	171411810	A0A7I2V5J8
ENSG00000181163	NPM1	NPM1	5	171387086	171411810	A0A7I2V3U2
ENSG00000181163	NPM1	NPM1	5	171387086	171411810	A0A7I2V3G5
ENSG00000181163	NPM1	NPM1	5	171387086	171411810	A0A7I2V433
ENSG00000181163	NPM1	NPM1	5	171387086	171411810	A0A7I2V4G8
ENSG00000181163	NPM1	NPM1	5	171387086	171411810	A0A7I2V5S2
ENSG00000076685	NT5C2	NT5C2	10	103087141	103277605	P49902
ENSG00000076685	NT5C2	NT5C2	10	103087141	103277605	S4R3A6
ENSG00000076685	NT5C2	NT5C2	10	103087141	103277605	A0A6Q8PEZ2
ENSG00000076685	NT5C2	NT5C2	10	103087141	103277605	A0A6Q8PHB5
ENSG00000076685	NT5C2	NT5C2	10	103087141	103277605	A0A6Q8PFH2
ENSG00000076685	NT5C2	NT5C2	10	103087141	103277605	S4R3E7
ENSG00000076685	NT5C2	NT5C2	10	103087141	103277605	Q5JUV6
ENSG00000076685	NT5C2	NT5C2	10	103087141	103277605	A0A6Q8PF50
ENSG00000076685	NT5C2	NT5C2	10	103087141	103277605	A0A6Q8PG36
ENSG00000076685	NT5C2	NT5C2	10	103087141	103277605	A0A6Q8PHP0
ENSG00000057657	PRDM1	PRDM1	6	105993463	106109939	Q5T4E8
ENSG00000057657	PRDM1	PRDM1	6	105993463	106109939	O75626
ENSG00000057657	PRDM1	PRDM1	6	105993463	106109939	B2REA4
ENSG00000057657	PRDM1	PRDM1	6	105993463	106109939	B2REA5
ENSG00000057657	PRDM1	PRDM1	6	105993463	106109939	A0A3B3IU23
ENSG00000189079	ARID2	ARID2	12	45728910	45908040	Q68CP9
ENSG00000189079	ARID2	ARID2	12	45728910	45908040	F8WCU9
ENSG00000189079	ARID2	ARID2	12	45728910	45908040	A0A8V8TP93
ENSG00000111642	CHD4	CHD4	12	6570081	6614982	Q14839
ENSG00000111642	CHD4	CHD4	12	6570081	6614982	A0A2R8YFD8
ENSG00000111642	CHD4	CHD4	12	6570081	6614982	A0A0C4DGG9
ENSG00000111642	CHD4	CHD4	12	6570081	6614982	A0A2R8YDW2
ENSG00000111642	CHD4	CHD4	12	6570081	6614982	A0A2R8Y8B3
ENSG00000111642	CHD4	CHD4	12	6570081	6614982	F5GWX5
ENSG00000111642	CHD4	CHD4	12	6570081	6614982	A0A2R8Y5M9
ENSG00000111642	CHD4	CHD4	12	6570081	6614982	A0A2U3TZM0
ENSG00000111642	CHD4	CHD4	12	6570081	6614982	A0A2R8Y685
ENSG00000111642	CHD4	CHD4	12	6570081	6614982	A0A2R8Y521
ENSG00000111642	CHD4	CHD4	12	6570081	6614982	A0A2R8Y5J0
ENSG00000111642	CHD4	CHD4	12	6570081	6614982	A0A2R8Y5Z7
ENSG00000111642	CHD4	CHD4	12	6570081	6614982	A0A2R8Y539
ENSG00000111642	CHD4	CHD4	12	6570081	6614982	A0A2R8Y7X1
ENSG00000111642	CHD4	CHD4	12	6570081	6614982	F5H6N4
ENSG00000111642	CHD4	CHD4	12	6570081	6614982	A0A2R8Y212
ENSG00000111642	CHD4	CHD4	12	6570081	6614982	A0A2R8YER1
ENSG00000111642	CHD4	CHD4	12	6570081	6614982	F5H596
ENSG00000111642	CHD4	CHD4	12	6570081	6614982	A0A2R8YFK9
ENSG00000051382	PIK3CB	PIK3CB	3	138652336	138834957	P42338
ENSG00000051382	PIK3CB	PIK3CB	3	138652336	138834957	H7C5C3
ENSG00000051382	PIK3CB	PIK3CB	3	138652336	138834957	F8WDJ8
ENSG00000051382	PIK3CB	PIK3CB	3	138652336	138834957	C9JYX0
ENSG00000051382	PIK3CB	PIK3CB	3	138652336	138834957	C9J345
ENSG00000121879	PIK3CA	PIK3CA	3	179148114	179240093	P42336
ENSG00000121879	PIK3CA	PIK3CA	3	179148114	179240093	C9J951
ENSG00000121879	PIK3CA	PIK3CA	3	179148114	179240093	A0A2R8Y2F6
ENSG00000121879	PIK3CA	PIK3CA	3	179148114	179240093	C9JAM9
ENSG00000121879	PIK3CA	PIK3CA	3	179148114	179240093	A0A6Q8PGN9
ENSG00000121879	PIK3CA	PIK3CA	3	179148114	179240093	A0A6Q8PGV1
ENSG00000197013	ZNF429	ZNF429	19	21496682	21556270	Q86V71
ENSG00000197013	ZNF429	ZNF429	19	21496682	21556270	M0QZ47
ENSG00000151702	FLI1	FLI1	11	128686535	128813267	Q01543
ENSG00000151702	FLI1	FLI1	11	128686535	128813267	V9GZ02
ENSG00000151702	FLI1	FLI1	11	128686535	128813267	A0A0A0MSR4
ENSG00000151702	FLI1	FLI1	11	128686535	128813267	A0A8V8TM04
ENSG00000151702	FLI1	FLI1	11	128686535	128813267	V9GY62
ENSG00000108821	COL1A1	COL1A1	17	50184101	50201634	P02452
ENSG00000108821	COL1A1	COL1A1	17	50184101	50201634	I3L3H7
ENSG00000118007	STAG1	STAG1	3	136336234	136752432	Q68DW7
ENSG00000118007	STAG1	STAG1	3	136336234	136752432	Q8WVM7
ENSG00000118007	STAG1	STAG1	3	136336234	136752432	F8WCB3
ENSG00000118007	STAG1	STAG1	3	136336234	136752432	F8WF82
ENSG00000118007	STAG1	STAG1	3	136336234	136752432	C9JJQ0
ENSG00000149311	ATM	ATM	11	108222804	108369102	Q13315
ENSG00000149311	ATM	ATM	11	108222804	108369102	Q6P7P1
ENSG00000149311	ATM	ATM	11	108222804	108369102	A0AAQ5BH05
ENSG00000149311	ATM	ATM	11	108222804	108369102	A0A087X0E9
ENSG00000149311	ATM	ATM	11	108222804	108369102	A0AAQ5BH37
ENSG00000149311	ATM	ATM	11	108222804	108369102	H0YEC6
ENSG00000149311	ATM	ATM	11	108222804	108369102	E9PIN0
ENSG00000149311	ATM	ATM	11	108222804	108369102	A0AAQ5BH18
ENSG00000149311	ATM	ATM	11	108222804	108369102	A0AAQ5BH23
ENSG00000149311	ATM	ATM	11	108222804	108369102	A0AAA9YI03
ENSG00000149311	ATM	ATM	11	108222804	108369102	A0A804HL86
ENSG00000149311	ATM	ATM	11	108222804	108369102	A0A6Q8PH76
ENSG00000149311	ATM	ATM	11	108222804	108369102	H0YDU7
ENSG00000149311	ATM	ATM	11	108222804	108369102	A0AAQ5BH14
ENSG00000119772	DNMT3A	DNMT3A	2	25227855	25342590	A0A0C4DG02
ENSG00000119772	DNMT3A	DNMT3A	2	25227855	25342590	Q9Y6K1
ENSG00000119772	DNMT3A	DNMT3A	2	25227855	25342590	F8WE91
ENSG00000119772	DNMT3A	DNMT3A	2	25227855	25342590	A0A8I5KTF6
ENSG00000119772	DNMT3A	DNMT3A	2	25227855	25342590	A0A8I5KPS0
ENSG00000119772	DNMT3A	DNMT3A	2	25227855	25342590	A0A8I5KNQ0
ENSG00000119772	DNMT3A	DNMT3A	2	25227855	25342590	A0A8I5KUD4
ENSG00000198400	NTRK1	NTRK1	1	156815636	156881850	A0A6Q8PHG5
ENSG00000198400	NTRK1	NTRK1	1	156815636	156881850	P04629
ENSG00000198400	NTRK1	NTRK1	1	156815636	156881850	X5DR71
ENSG00000198400	NTRK1	NTRK1	1	156815636	156881850	A0A6Q8PF65
ENSG00000198400	NTRK1	NTRK1	1	156815636	156881850	J3KP20
ENSG00000198400	NTRK1	NTRK1	1	156815636	156881850	E9PQG0
ENSG00000162613	FUBP1	FUBP1	1	77944055	77979527	Q96AE4
ENSG00000162613	FUBP1	FUBP1	1	77944055	77979527	E9PEB5
ENSG00000162613	FUBP1	FUBP1	1	77944055	77979527	C9JSZ1
ENSG00000162613	FUBP1	FUBP1	1	77944055	77979527	A0A994J3Q8
ENSG00000081237	PTPRC	PTPRC	1	198629900	198759346	A0A8V8TLH9
ENSG00000081237	PTPRC	PTPRC	1	198629900	198759346	P08575
ENSG00000081237	PTPRC	PTPRC	1	198629900	198759346	Q0VAE8
ENSG00000081237	PTPRC	PTPRC	1	198629900	198759346	M9MML3
ENSG00000081237	PTPRC	PTPRC	1	198629900	198759346	E9PKH0
ENSG00000081237	PTPRC	PTPRC	1	198629900	198759346	A0A140TA57
ENSG00000081237	PTPRC	PTPRC	1	198629900	198759346	A0A2R8YE81
ENSG00000081237	PTPRC	PTPRC	1	198629900	198759346	M9MMK9
ENSG00000081237	PTPRC	PTPRC	1	198629900	198759346	A0A0G2JNW2
ENSG00000081237	PTPRC	PTPRC	1	198629900	198759346	A0A2R8Y5B1
ENSG00000081237	PTPRC	PTPRC	1	198629900	198759346	M9MMK8
ENSG00000081237	PTPRC	PTPRC	1	198629900	198759346	M9MML4
ENSG00000081237	PTPRC	PTPRC	1	198629900	198759346	A0A140TA59
ENSG00000081237	PTPRC	PTPRC	1	198629900	198759346	A0A140TA79
ENSG00000081237	PTPRC	PTPRC	1	198629900	198759346	M3ZCP1
ENSG00000081237	PTPRC	PTPRC	1	198629900	198759346	A0A140TA68
ENSG00000081237	PTPRC	PTPRC	1	198629900	198759346	A0A075B788
ENSG00000081237	PTPRC	PTPRC	1	198629900	198759346	A0A140TA77
